insert into teach_smart_users (id, email, password, role, username) values ('7fcd1b34-8200-4edb-a95a-f14336ea790d', 'zhivko.georgiev@gmail.com', '$2a$10$oU9mp5mK1mbbMBeYb1HrHOwIaDEiQ8IBDFnelS5ctGiyKeWhBbrlO', 'ROLE_USER', 'zhivkomg');

insert into organizers (id, description, name) values ('1e036339-a0b4-40e5-bf02-a1585775322c', 'Microsoft Learn is a free, online training platform that provides interactive learning for Microsoft products and more. Our goal is to help you become proficient on our technologies and learn more skills with fun, guided, hands-on, interactive content that is specific to your role and goals.', 'MicrosoftDocs');

insert into teach_smart_users (id, email, password, role, username) values ('eed1e32b-f9da-4351-ab5d-aa20c6d9655d', 'borislava.borisova@gmail.com', '$2a$10$SaKBmIv3M/98yOwh4rQDCOgg0HyrEpaL1oQ2ykzERka42TKapbJ.u', 'ROLE_USER', 'borislavaborisova');
insert into teach_smart_users (id, email, password, role, username) values ('847ad631-b219-4993-8e45-d6e8e17834d1', 'gergana.krusteva@gmail.com', '$2a$10$u2V8V1oCFipgNqQ777zbaOt76vFpZ58nzzgecGVHvPOH12MT1uKai', 'ROLE_USER', 'gerganakrusteva');
insert into teach_smart_users (id, email, password, role, username) values ('cf2c24a1-cdd3-4f0a-828f-db86937aea33', 'dimitur.pavlov@gmail.com', '$2a$10$trjSeVSWWf51ITzuBoQfBuvLyyn3mHVmN2/DVcuEl1S1UnjMFcBY2', 'ROLE_USER', 'dimiturpavlov');
insert into teach_smart_users (id, email, password, role, username) values ('d7f42fa7-ad1d-4b01-bf4c-d0b81ba24c8a', 'veneta.georgieva@gmail.com', '$2a$10$452.v7AfekzCwyBEaIxU/exysxweRcOa.J0GHB7LQkKsGrlKyQVvC', 'ROLE_USER', 'venetageorgieva');
insert into teach_smart_users (id, email, password, role, username) values ('2b38eaa6-73a1-4660-93ba-9ab907a8ead3', 'bojan.videnov@gmail.com', '$2a$10$rAnZU8iUDFaMWRIQkcp6Mu1EvALOnOymUwJuEbdg5PQchEcYOdHWO', 'ROLE_USER', 'bojanvidenov');
insert into teach_smart_users (id, email, password, role, username) values ('d65f0c83-0648-4d1a-9af3-b31539519f49', 'simona.bojkova@gmail.com', '$2a$10$R0X5Zr7UI.IoVWWrULX01OCbAIJ9N/2Ziygkwcm916QBqwdOZIsb6', 'ROLE_USER', 'simonabojkova');
insert into teach_smart_users (id, email, password, role, username) values ('84333346-887a-470b-92aa-9aea985c15db', 'nikola.ivanov@gmail.com', '$2a$10$ivveHSl/5/24ija8s0lGE.KYmjVI8NAwImq1N4qq0iYpn4ik/6J/m', 'ROLE_USER', 'nikolaivanov');
insert into teach_smart_users (id, email, password, role, username) values ('a3b192ba-342e-4698-a4ee-1416faebab93', 'ivan.ivanov@gmail.com', '$2a$10$oDW8qFPFcgVqBY0l9cKO.OSUnHYx8RUyk8NA3k0QAvOvyA5zVm.gC', 'ROLE_USER', 'ivanivanov');
insert into teach_smart_users (id, email, password, role, username) values ('71b3c717-66a7-4fdf-bad8-7ad04ec385cb', 'ivana.bandeva@gmail.com', '$2a$10$T9NgDVdeMbFUrEq9qp4ftufted2Iq3SvX.FkRGF1nnq/QW/Drvqrq', 'ROLE_USER', 'ivanabandeva');
insert into teach_smart_users (id, email, password, role, username) values ('1b4900a1-4c16-4d70-94f4-951cc5f258b4', 'angel.karaliichev@gmail.com', '$2a$10$cyN/wc9EIFf743VGA8ZAie9kuJ5MB.8Tg30Gu7nMEL/0shf6xAsFO', 'ROLE_USER', 'angelkaraliichev');
insert into teach_smart_users (id, email, password, role, username) values ('fbe79395-759b-4465-a982-91e143946059', 'stojan.mladenov@gmail.com', '$2a$10$LNTbRQkkiPSok6IvfheAAuxuJMEnZg5PRNKuUSyP3fewgThVkBDma', 'ROLE_USER', 'stojanmladenov');
insert into teach_smart_users (id, email, password, role, username) values ('79ef9532-59d6-4ca2-bc71-abb26d4777e3', 'violeta.kaloyanova@gmail.com', '$2a$10$1Gkyqf0YGGXxvK2EsaqfUO3WDwKbFLtdMFueAdi58URmDT2B4d32q', 'ROLE_USER', 'violetakaloyanova');
insert into teach_smart_users (id, email, password, role, username) values ('599105d3-d89e-4b86-8684-3e9c77176172', 'dimitrinka.blagoeva@gmail.com', '$2a$10$qGpQ/vmQMQSjpUGbh.B/ceGIuzP86NcIZ1DpxE8CSj3aj2j.xyOdi', 'ROLE_USER', 'dimitrinkablagoeva');
insert into teach_smart_users (id, email, password, role, username) values ('54a69590-f676-403c-ac46-ed7ff01d35c9', 'penka.ivanova@gmail.com', '$2a$10$wWF7g9RZDn9VvOq5cwANXeiYYufwsJC5GtJvrglrcHzQiq7bwxPhu', 'ROLE_USER', 'penkaivanova');
insert into teach_smart_users (id, email, password, role, username) values ('3b0421a7-6d7d-4be8-bf0e-98edc465dee0', 'sonya.nikolva@gmail.com', '$2a$10$yUXmp7pq7780fG8eNl8vtu4iZ0LF72mF.PPHdMN9BKTBFdR2mhXfe', 'ROLE_USER', 'sonyanikolva');
insert into teach_smart_users (id, email, password, role, username) values ('f5b20171-61dc-41fa-bff7-98821b86f787', 'sofia.simeonova@gmail.com', '$2a$10$9a6DwW7sf/bGeMtZFMIh8.LZABdXCKLWyI.zwb72HdDyS7PsnTgMO', 'ROLE_USER', 'sofiasimeonova');
insert into teach_smart_users (id, email, password, role, username) values ('75990843-d0bd-441b-a48a-3956ed45154c', 'yordan.haralampiev@gmail.com', '$2a$10$Q/T1CEsxfjwgDoJGlck3fuiCAA4qx0cPRsA0yjdZddz/vgfPNiPg2', 'ROLE_USER', 'yordanharalampiev');
insert into teach_smart_users (id, email, password, role, username) values ('830d01cc-6aa8-4b2f-af98-c54f509c3aea', 'kostadin.trifonov@gmail.com', '$2a$10$X/dEMjXmcxdY6asGxIs/2.evdPg76qXMy3Y1McCEixCf1xRA7qKWG', 'ROLE_USER', 'kostadintrifonov');
insert into teach_smart_users (id, email, password, role, username) values ('748416d7-d4c4-4fb2-9534-8e9b6a5a22e2', 'kremena.zhivkova@gmail.com', '$2a$10$zpP0NG5FffTcSXtKDGtsCO0aWQpa6OfdIP32XBNaQRtWA7S6dko9y', 'ROLE_USER', 'kremenazhivkova');
insert into teach_smart_users (id, email, password, role, username) values ('b7c051cf-4760-4874-99ab-75587ca7dd8d', 'pavel.pavlov@gmail.com', '$2a$10$jXrRQqnDTuqRxF4gBFA0Su0p77ADkBIwOQTBXQJBsp1C/DnEAkk1u', 'ROLE_USER', 'pavelpavlov');

insert into tutors (id, description, name) values ('f4a2bbaf-a71f-44de-9a9f-9d22012c94d0', 'Kirill comes from the Data Science consulting space with experience in finance, retail, transport and other industries. He was trained by the best analytics mentors at Deloitte Australia.', 'Kirill Eremenko');
insert into tutors (id, description, name) values ('f13c6739-4fcb-4427-8c50-3b9e31a2ae06', 'Angela is a developer with a passion for teaching. She is the lead instructor at the London App Brewery, London is leading Programming Bootcamp. She has helped hundreds of thousands of students learn to code and change their lives by becoming a developer. She has been invited by companies such as Twitter, Facebook and Google to teach their employees.', 'Dr. Angela Yu');
insert into tutors (id, description, name) values ('5105403f-3170-4c1e-ad49-d93e503a0565', 'Chris Barin is a professional web and app designer with nearly 10 years of Photoshop experience. He is also an Adobe Certified Instructor and Certified Photoshop Expert.', 'Cristian Doru Barin');
insert into tutors (id, description, name) values ('4ee99f57-c1dc-4ee4-ab3d-54817da79cef', 'Stephane is a solutions architect, consultant and software developer that has a particular interest in all things related to Big Data, Cloud & API. Stéphane is recognized as an AWS Hero and is an AWS Certified Solutions Architect Professional & AWS Certified DevOps Professional.', 'Stephane Maarek');
insert into tutors (id, description, name) values ('ceff17b2-436d-4a59-9cb6-225c0c521eae', 'Strongly motivated young IT expert, Linux enthusiast with a passion for troubleshooting network related problems. With an exceptional eye for details and a sense of urgency when it comes down to problem solving.', 'Ermin Kreponic');
insert into tutors (id, description, name) values ('f0890ec1-0d32-4d1a-9325-d1ee98307785', 'Businessman and entrepreneur, with a degree in electrical engineering and computer science, with great social and team skills, speaking multiple languages, ambitious, motivated and a hard worker.', 'Aldin Omerdic');
insert into tutors (id, description, name) values ('ff64b400-4d6b-4168-8f2d-97bcd6ea8402', 'Kyle is a Microsoft Certified Trainer (MCT) and a certified Microsoft Office Master Instructor and has been teaching and consulting for the past 20+ years on various computer applications.', 'Kyle Pew');
insert into tutors (id, description, name) values ('adb0d4c1-fae1-4e67-82b5-23b87eb9630a', 'Kirt Kershaw is President of Dream Force LLC and provides certified and professional training videos on Microsoft Office applications including: Access, Excel, Outlook, PowerPoint, Word, Project and Windows since 2000.', 'Kirt Kershaw');
insert into tutors (id, description, name) values ('e81810fa-c54e-4b4a-a5b5-94f67b3609bc', 'Andrew spends his daily time with graphic design, presentations, motion & animation, typography, video editing and online teaching. Most of his work is done in Adobe After Effects & Microsoft PowerPoint 2019 / 2021 / 365. He has completed more than 4000 graphic projects for clients, mostly including video animations like intros, outros and transitions for various YouTube channels & marketers.', 'Andrew Pach');
insert into tutors (id, description, name) values ('838032d7-f15c-45e1-9ae1-29e6120b8be6', 'Chris has sold more than 1,000,000 of his online business & self improvement courses in 12 languages in 196 countries and his courses have been profiled in Business Insider, NBC, Inc, Forbes, CNN, Entrepreneur & on other business news websites. Chris is the author of the #1 best selling online business course called "An Entire MBA in 1 Course®” & many other courses.', 'Chris Haroun');

insert into contracts (id, tutor_id, course_id, organizer_id) values ('f0fa60bf-89ba-49a9-a2ab-cc8ce3975c50', 'f4a2bbaf-a71f-44de-9a9f-9d22012c94d0', '94f32963-8eb4-4683-83fc-26939616b396', '1e036339-a0b4-40e5-bf02-a1585775322c');
insert into contracts (id, tutor_id, course_id, organizer_id) values ('8ca05b09-9296-4a85-a66d-2b083950c9a9', 'f13c6739-4fcb-4427-8c50-3b9e31a2ae06', 'c5a865fd-aeb7-4397-8f08-1c471a6adfb0', '1e036339-a0b4-40e5-bf02-a1585775322c');
insert into contracts (id, tutor_id, course_id, organizer_id) values ('512fc035-1087-4d8b-8093-4557eda3003a', '5105403f-3170-4c1e-ad49-d93e503a0565', '95168590-daf3-4b03-a6c1-715b8386b695', '1e036339-a0b4-40e5-bf02-a1585775322c');
insert into contracts (id, tutor_id, course_id, organizer_id) values ('id', '4ee99f57-c1dc-4ee4-ab3d-54817da79cef', 'c0acc462-093c-4890-a0fa-df4f954c131e', '1e036339-a0b4-40e5-bf02-a1585775322c');
insert into contracts (id, tutor_id, course_id, organizer_id) values ('id', 'ceff17b2-436d-4a59-9cb6-225c0c521eae', 'ae842633-6da7-40ef-9f38-83c6bf5151d4', '1e036339-a0b4-40e5-bf02-a1585775322c');
insert into contracts (id, tutor_id, course_id, organizer_id) values ('id', 'f0890ec1-0d32-4d1a-9325-d1ee98307785', 'b7c37b5c-3078-4596-b93b-7ce34cbfcbb2', '1e036339-a0b4-40e5-bf02-a1585775322c');
insert into contracts (id, tutor_id, course_id, organizer_id) values ('id', 'ff64b400-4d6b-4168-8f2d-97bcd6ea8402', 'd9d626cc-00f8-434e-80b6-0dfa95d2d4d7', '1e036339-a0b4-40e5-bf02-a1585775322c');
insert into contracts (id, tutor_id, course_id, organizer_id) values ('id', 'adb0d4c1-fae1-4e67-82b5-23b87eb9630a', '40388851-2e45-4d7e-bfe3-b2202e4bdee6', '1e036339-a0b4-40e5-bf02-a1585775322c');
insert into contracts (id, tutor_id, course_id, organizer_id) values ('id', 'e81810fa-c54e-4b4a-a5b5-94f67b3609bc', 'd2a89af4-ccc8-4bbb-a6a0-58d8f867680d', '1e036339-a0b4-40e5-bf02-a1585775322c');
insert into contracts (id, tutor_id, course_id, organizer_id) values ('id', '838032d7-f15c-45e1-9ae1-29e6120b8be6', '15ef9dfd-ad75-466a-a982-bcaf7e3c11f2', '1e036339-a0b4-40e5-bf02-a1585775322c')